Model,Accuracy,Precision,Recall,ROC_AUC
XGBoost,0.55,0.6493506493506493,0.7352941176470589,0.47196691176470595
Logistic Regression,0.68,0.68,1.0,0.4659926470588235
Random Forest,0.64,0.6818181818181818,0.8823529411764706,0.45588235294117646
