Model,Accuracy,Precision,Recall,F1_Score
Random Forest,0.465,0.3647533936651584,0.465,0.376575795125981
XGBoost,0.415,0.38373258710069796,0.415,0.37334372814546385
Logistic Regression,0.485,0.3502792321116929,0.485,0.3471979215871517
