Feature,Mean_Abs_SHAP_Value
BMI,0.02801513437148904
Glucose_Level,0.024213763932281605
Cholesterol,0.02122357293152428
Family_History_enc,0.021200149101972685
Blood_Pressure,0.0198603307110887
Age,0.018579695588614737
Gender_enc,0.01718333499764268
Smoking_History_enc,0.010702983714982583
